field_1,전철역코드,전철역명,전철명명(영문),호선,외부코드,검색키워드,주소,위도,경도,환승역,H/B,행정동,행정동_경도,행정동_위도
"164","2642",월곡역,Wolgok,6호선,"641",월곡역 6호선,서울 성북구 월곡로 지하 107,37.6014210523409,127.041184766468,"0",H,월곡2동,127.047886454934,37.6057915694944
"165","2643",상월곡역,Sangwolgok,6호선,"642",상월곡역 6호선,서울 성북구 화랑로 지하 157,37.6062641394281,127.048326622029,"0",H,월곡2동,127.047886454934,37.6057915694944
"166","2644",돌곶이역,Dolgoji,6호선,"643",돌곶이역 6호선,서울 성북구 화랑로 지하 243,37.610550696559,127.056425217652,"0",H,장위2동,127.054518647758,37.612405557741
"167","2645",석계역,Seokgye,6호선,"644",석계역 6호선,서울 노원구 화랑로 지하 347-1,37.6150480846952,127.066118430844,"1",H,월계3동,127.069259441759,37.6210148773678
"244","1017",신이문역,Sinimun,1호선,"121",신이문역 1호선,서울 동대문구 한천로 472,37.604278644666,127.069577322142,"0",H,이문2동,127.065116407676,37.6033794793655
"245","1019",광운대역,Kwangwoon Univ.,1호선,"119",광운대역 1호선,서울 노원구 석계로 98-2,37.6230335564713,127.06176348127,"1",H,월계1동,127.063001311172,37.6198903481161
"270","1305",광운대역,Kwangwoon Univ.,경춘선,P116,광운대역 경춘선,서울 노원구 석계로 98-2,37.6230335564713,127.06176348127,"1",H,월계1동,127.063001311172,37.6198903481161
"276","1018",석계역,Seokgye,1호선,"120",석계역 1호선,서울 노원구 화랑로 341,37.6153059403184,127.065647254398,"1",H,월계1동,127.063001311172,37.6198903481161
